INSERT INTO `db_poliventas`.`tb_usuario` (`ci_usuario`, `nombres`, `apellidos`, `telefono`, `direccion`, `whatsapp`, `matricula`, `email`, `username`, `contrasena`, `estado`)
 VALUES ('0954124764', 'Rosa', 'Pincay', '0968503660', 'Velez entre Carchi y Tulcan', true, '201601431', 'rmpincay@espol.edu.ec','user001','rmpincay', true);
INSERT INTO `db_poliventas`.`tb_usuario` (`ci_usuario`, `nombres`, `apellidos`, `telefono`, `direccion`, `whatsapp`, `matricula`, `email`,`username`,`contrasena`, `estado`)
 VALUES ('0593050492', 'Stefanny', 'Aguirre', '0956402940', 'Cuenca y la 32', true, '201601430', 'sbaguirr@espol.edu.ec','user002','sbaguirr', true);
INSERT INTO `db_poliventas`.`tb_usuario` (`ci_usuario`, `nombres`, `apellidos`, `telefono`, `direccion`, `whatsapp`, `matricula`, `email`,`username`,`contrasena`, `estado`)
 VALUES ('1230504033', 'Edie', 'Chang', '0594959693', 'Calle 11A entre Av. San Jorge y Av. 11', false, '201034050', 'echang@espol.edu.ec','user003','echang', true);
INSERT INTO `db_poliventas`.`tb_usuario` (`ci_usuario`, `nombres`, `apellidos`, `telefono`, `direccion`, `whatsapp`, `matricula`, `email`,`username`,`contrasena`, `estado`)
 VALUES ('5225756787', 'Jenny', 'Fuentes', '0953204020', 'Av. Franciso de Orellana y José Castillo', true, '201503053', 'jjfuen@espol.edu.ec','user004','jjfuen', true);
INSERT INTO `db_poliventas`.`tb_usuario` (`ci_usuario`, `nombres`, `apellidos`, `telefono`, `direccion`, `whatsapp`, `matricula`, `email`,`username`,`contrasena`, `estado`)
 VALUES ('3522546589', 'Sandra', 'Miranda', '0953502053', 'Sexta entre Cedro y Balsamos', false, '201703053', 'smira@espol.edu.ec','user005','smira', false);
INSERT INTO `db_poliventas`.`tb_usuario` (`ci_usuario`, `nombres`, `apellidos`, `telefono`, `direccion`, `whatsapp`, `matricula`, `email`,`username`,`contrasena`, `estado`)
 VALUES ('0545635352', 'Bryan', 'Tutiven', '0549354024', 'Calle 7 y Manuel Rendón Seminario', true, '201503036', 'btuti@espol.edu.ec','user006','btuti', true);
INSERT INTO `db_poliventas`.`tb_usuario` (`ci_usuario`, `nombres`, `apellidos`, `telefono`, `direccion`, `whatsapp`, `matricula`, `email`,`username`,`contrasena`, `estado`)
 VALUES ('7586978073', 'Carlos', 'Cantos', '0935032135', 'Ficus y Alfredo Pareja', false, '201643046', 'ccantos@espol.edu.ec','user007','ccantos', true);
INSERT INTO `db_poliventas`.`tb_usuario` (`ci_usuario`, `nombres`, `apellidos`, `telefono`, `direccion`, `whatsapp`, `matricula`, `email`,`username`,`contrasena`, `estado`) 
 VALUES ('0591020194', 'Clara', 'Santander', '0953565356', 'Av. Francisco de Orellana y Victor Secouret', true, '201745363', 'cmsanta@espol.edu.ec','user008','cmsanta', false);
INSERT INTO `db_poliventas`.`tb_usuario` (`ci_usuario`, `nombres`, `apellidos`, `telefono`, `direccion`, `whatsapp`, `matricula`, `email`,`username`,`contrasena`, `estado`)
 VALUES ('0356332466', 'Jair', 'Flores', '0964456642', '9 de Octubre y Rumichaca', false, '201566356', 'jflores@espol.edu.ec','user009','jflores', false);
INSERT INTO `db_poliventas`.`tb_usuario` (`ci_usuario`, `nombres`, `apellidos`, `telefono`, `direccion`, `whatsapp`, `matricula`, `email`,`username`,`contrasena`, `estado`)
 VALUES ('1346864456', 'Roger', 'Loor', '0223458639', 'Dr. Miguel Jijon y Av. 2A', true, '201532566', 'rogloo@espol.edu.ec','user010','rogloo', false);
INSERT INTO `db_poliventas`.`tb_usuario` (`ci_usuario`, `nombres`, `apellidos`, `telefono`, `direccion`, `whatsapp`, `matricula`, `email`,`username`,`contrasena`, `estado`)
 VALUES ('0866433454', 'Geanella', 'Pauta', '0964522435', 'Av. Isidro Ayora y Av. 3A', true, '201533244', 'geapau@espol.edu.ec','user011','geapau', true);
INSERT INTO `db_poliventas`.`tb_usuario` (`ci_usuario`, `nombres`, `apellidos`, `telefono`, `direccion`, `whatsapp`, `matricula`, `email`,`username`,`contrasena`, `estado`)
VALUES ('1267786745', 'Katy', 'Salinas', '0943576894', 'Av. Agustin Icaza entre Av. 2 y 4° Pasaje', true, '201442425', 'katsali@espol.edu.ec','user012','katsali', true);
INSERT INTO `db_poliventas`.`tb_usuario` (`ci_usuario`, `nombres`, `apellidos`, `telefono`, `direccion`, `whatsapp`, `matricula`, `email`,`username`,`contrasena`, `estado`)
 VALUES ('0086765422', 'Nataly', 'Martinez', '0424656340', 'Av. Las Aguas y Calle 15', true, '201492537', 'njmarti@espol.edu.ec','user013','njmarti', true);
INSERT INTO `db_poliventas`.`tb_usuario` (`ci_usuario`, `nombres`, `apellidos`, `telefono`, `direccion`, `whatsapp`, `matricula`, `email`,`username`,`contrasena`, `estado`)
 VALUES ('0954123473', 'Stalin', 'Baquerizo', '4939294949', 'Portete entre la 39 y la 38', false, '201035332', 'stalbauq@espol.edu.ec','user014','stalbauq', true);
INSERT INTO `db_poliventas`.`tb_usuario` (`ci_usuario`, `nombres`, `apellidos`, `telefono`, `direccion`, `whatsapp`, `matricula`, `email`,`username`,`contrasena`, `estado`)
 VALUES ('1204306843', 'Bob', 'Lino', '049395929', 'Decima y Maldonado', false, '201964603', 'blin@espol.edu.ec','user015','blin', true);
INSERT INTO `db_poliventas`.`tb_usuario` (`ci_usuario`, `nombres`, `apellidos`, `telefono`, `direccion`, `whatsapp`, `matricula`, `email`,`username`,`contrasena`, `estado`)
 VALUES ('4930608312', 'Ana', 'Pazmiño', '4060402040', 'Febres Cordero y la 40', true, '304060450', 'apazm@espol.edu.ec','user016','apazm', true);

INSERT INTO `db_poliventas`.`tb_administrador` (`id_administrador`, `cedula`) VALUES ('adm001', '0954123473');
INSERT INTO `db_poliventas`.`tb_administrador` (`id_administrador`, `cedula`) VALUES ('adm002', '1204306843');
INSERT INTO `db_poliventas`.`tb_administrador` (`id_administrador`, `cedula`) VALUES ('adm003', '4930608312');

INSERT INTO `db_poliventas`.`tb_comprador` (`id_comprador`, `cedula`) VALUES ('comp001', '0954124764');
INSERT INTO `db_poliventas`.`tb_comprador` (`id_comprador`, `cedula`) VALUES ('comp002', '0591020194');
INSERT INTO `db_poliventas`.`tb_comprador` (`id_comprador`, `cedula`) VALUES ('comp003', '0356332466');
INSERT INTO `db_poliventas`.`tb_comprador` (`id_comprador`, `cedula`) VALUES ('comp004', '1346864456');
INSERT INTO `db_poliventas`.`tb_comprador` (`id_comprador`, `cedula`) VALUES ('comp005', '0866433454');
INSERT INTO `db_poliventas`.`tb_comprador` (`id_comprador`, `cedula`) VALUES ('comp006', '1267786745');
INSERT INTO `db_poliventas`.`tb_comprador` (`id_comprador`, `cedula`) VALUES ('comp007', '0086765422');

INSERT INTO `db_poliventas`.`tb_vendedor` (`id_vendedor`, `cedula`, `id_comprador`) VALUES ('vend001', '0593050492', 'comp001');
INSERT INTO `db_poliventas`.`tb_vendedor` (`id_vendedor`, `cedula`, `id_comprador`) VALUES ('vend002', '1230504033', 'comp002');
INSERT INTO `db_poliventas`.`tb_vendedor` (`id_vendedor`, `cedula`, `id_comprador`) VALUES ('vend003', '5225756787', 'comp003');
INSERT INTO `db_poliventas`.`tb_vendedor` (`id_vendedor`, `cedula`, `id_comprador`) VALUES ('vend004', '3522546589', 'comp004');
INSERT INTO `db_poliventas`.`tb_vendedor` (`id_vendedor`, `cedula`, `id_comprador`) VALUES ('vend005', '0545635352', 'comp005');
INSERT INTO `db_poliventas`.`tb_vendedor` (`id_vendedor`, `cedula`, `id_comprador`) VALUES ('vend006', '7586978073', 'comp006');

INSERT INTO `db_poliventas`.`tb_producto` (`id_producto`, `nombre`,`descripcion`, `precio`,`categoria`, `stock`, `estado`, `id_vendedor`) VALUES ('chai002', 'Silla plastica', 'Linea ratan', 5.00,'Hogar', 7, false, 'vend001');
INSERT INTO `db_poliventas`.`tb_producto` (`id_producto`, `nombre`,`descripcion`, `precio`,`categoria`, `stock`, `estado`, `id_vendedor`) VALUES ('dress001', 'Vestido pets', 'Talla S', 10.00, 'Mascotas', 4, true, 'vend002');
INSERT INTO `db_poliventas`.`tb_producto` (`id_producto`, `nombre`,`descripcion`, `precio`,`categoria`, `stock`, `estado`, `id_vendedor`) VALUES ('foo001', 'alimento gato', 'NutraPro esterilizados 2kg', 8.00, 'Mascotas', 3, false, 'vend003');
INSERT INTO `db_poliventas`.`tb_producto` (`id_producto`, `nombre`,`descripcion`, `precio`,`categoria`, `stock`, `estado`, `id_vendedor`) VALUES ('mou001', 'mouse', 'Inalambrico', 3.00, 'Tecnologia', 10, true, 'vend004');
INSERT INTO `db_poliventas`.`tb_producto` (`id_producto`, `nombre`,`descripcion`, `precio`,`categoria`, `stock`, `estado`, `id_vendedor`) VALUES ('prod003', 'Collar', 'Perlas', 20.00, 'Joyeria', 2, true, 'vend005');
INSERT INTO `db_poliventas`.`tb_producto` (`id_producto`, `nombre`,`descripcion`, `precio`,`categoria`, `stock`, `estado`, `id_vendedor`) VALUES ('prod008', 'Taza', 'Mágica', 10.00, 'Hogar', 14, true, 'vend006');
INSERT INTO `db_poliventas`.`tb_producto` (`id_producto`, `nombre`,`descripcion`, `precio`,`categoria`, `stock`, `estado`, `id_vendedor`) VALUES ('prod007', 'cable usb', 'Samsung', 5.00, 'Tecnologia', 1, true, 'vend001');

INSERT INTO `db_poliventas`.`tb_forma_pago` (`id_forma_pago`, `nombre`) VALUES ('PHONE', 'virtual');
INSERT INTO `db_poliventas`.`tb_forma_pago` (`id_forma_pago`, `nombre`) VALUES ('MONEY', 'efectivo');

INSERT INTO `db_poliventas`.`tb_pago` (`id_forma_pago`, `detalle`) VALUES ('PHONE', 'pago virtual a traves de aplicacion movil, si el usuario tiene WhatsApp');
INSERT INTO `db_poliventas`.`tb_pago` (`id_forma_pago`, `detalle`) VALUES ('MONEY', 'pago en efectivo');

INSERT INTO `db_poliventas`.`tb_pedido` (`estado`, `costo`,`cantidad_pedida`,`fecha_pedido`, `hora_pedido`, `lugar_entrega`, `id_pago`, `id_comprador_ped`, `id_vendedor_ped`, `id_producto_ped`) 
VALUES ('pendiente', 8.00, 1,'2018-11-28', '15:00', 'FIEC', 'PHONE', 'comp001', 'vend001', 'foo001');
INSERT INTO `db_poliventas`.`tb_pedido` (`estado`, `costo`,`cantidad_pedida`, `fecha_pedido`, `hora_pedido`, `lugar_entrega`, `id_pago`, `id_comprador_ped`, `id_vendedor_ped`, `id_producto_ped`) 
VALUES ('pendiente', 8.00, 1,'2018-11-29', '10:00', 'FCNM', 'PHONE','comp002', 'vend002', 'foo001');
INSERT INTO `db_poliventas`.`tb_pedido` (`estado`, `costo`,`cantidad_pedida`, `fecha_pedido`, `hora_pedido`, `lugar_entrega`, `id_pago`, `id_comprador_ped`, `id_vendedor_ped`, `id_producto_ped`) 
VALUES ('anulado', 10.00, 1,'2018-11-10', '11:00', 'CELEX', 'MONEY', 'comp003', 'vend003', 'dress001');
INSERT INTO `db_poliventas`.`tb_pedido` (`estado`, `costo`,`cantidad_pedida`, `fecha_pedido`, `hora_pedido`, `lugar_entrega`, `id_pago`, `id_comprador_ped`, `id_vendedor_ped`, `id_producto_ped`) 
VALUES ('exitoso', 8.00, 1,'2018-11-8', '13:00', 'FIMCP', 'MONEY', 'comp004', 'vend004', 'foo001');
INSERT INTO `db_poliventas`.`tb_pedido` (`estado`, `costo`,`cantidad_pedida`, `fecha_pedido`, `hora_pedido`, `lugar_entrega`, `id_pago`, `id_comprador_ped`, `id_vendedor_ped`, `id_producto_ped`) 
VALUES ('anulado', 20.00,1 ,'2018-10-11', '12:50', 'Basico', 'PHONE', 'comp005', 'vend005', 'prod003');
INSERT INTO `db_poliventas`.`tb_pedido` (`estado`, `costo`,`cantidad_pedida`, `fecha_pedido`, `hora_pedido`, `lugar_entrega`, `id_pago`, `id_comprador_ped`, `id_vendedor_ped`, `id_producto_ped`) 
VALUES ('exitoso', 10.00, 1,'2018-05-11', '11:00', 'FCSH', 'MONEY', 'comp006', 'vend006', 'prod008');
INSERT INTO `db_poliventas`.`tb_pedido` (`estado`, `costo`, `cantidad_pedida`,`fecha_pedido`, `hora_pedido`, `lugar_entrega`, `id_pago`, `id_comprador_ped`, `id_vendedor_ped`, `id_producto_ped`) 
VALUES ('exitoso', 10.00,2 ,'2018-02-11', '9:00', 'FIEC','PHONE', 'comp007', 'vend001', 'prod007');

INSERT INTO `db_poliventas`.`tb_calificacion_producto` (`calificacion_producto`, `id_producto`, `id_comprador`) VALUES (5, 'prod008', 'comp001');
INSERT INTO `db_poliventas`.`tb_calificacion_producto` (`calificacion_producto`, `id_producto`, `id_comprador`) VALUES (3, 'prod003', 'comp002');
INSERT INTO `db_poliventas`.`tb_calificacion_producto` (`calificacion_producto`, `id_producto`, `id_comprador`) VALUES (1, 'prod007', 'comp003');
INSERT INTO `db_poliventas`.`tb_calificacion_producto` (`calificacion_producto`, `id_producto`, `id_comprador`) VALUES (2, 'mou001', 'comp004');
INSERT INTO `db_poliventas`.`tb_calificacion_producto` (`calificacion_producto`, `id_producto`, `id_comprador`) VALUES (3, 'dress001', 'comp005');
INSERT INTO `db_poliventas`.`tb_calificacion_producto` (`calificacion_producto`, `id_producto`, `id_comprador`) VALUES (1, 'chai002', 'comp006');
INSERT INTO `db_poliventas`.`tb_calificacion_producto` (`calificacion_producto`, `id_producto`, `id_comprador`) VALUES (4, 'foo001', 'comp007');

INSERT INTO `db_poliventas`.`tb_calificacion_vendedor` (`calificacion_vendedor`, `id_vendedor`) VALUES (1, 'vend001');
INSERT INTO `db_poliventas`.`tb_calificacion_vendedor` (`calificacion_vendedor`, `id_vendedor`) VALUES (2, 'vend002');
INSERT INTO `db_poliventas`.`tb_calificacion_vendedor` (`calificacion_vendedor`, `id_vendedor`) VALUES (3, 'vend003');
INSERT INTO `db_poliventas`.`tb_calificacion_vendedor` (`calificacion_vendedor`, `id_vendedor`) VALUES (4, 'vend004');
INSERT INTO `db_poliventas`.`tb_calificacion_vendedor` (`calificacion_vendedor`, `id_vendedor`) VALUES (5, 'vend005');
INSERT INTO `db_poliventas`.`tb_calificacion_vendedor` (`calificacion_vendedor`, `id_vendedor`) VALUES (5, 'vend006');